cat_ar,count,mean,std
Arabic 0–33%,5,0.14148916089473806,0.22581050684817994
Arabic 34–66%,574,0.12567884848736088,0.15682324742504494
Arabic 67–100%,4648,0.11431212116619323,0.1393014205800423
