cat_en,count,mean,std
English 0–33%,1071,0.1612205535146802,0.17083934980476775
English 34–66%,3485,0.17951805787387445,0.19091389493477842
English 67–100%,671,0.17538813448845822,0.19950301890288555
