cat_ar,count,mean,std
Arabic 0–33%,5,0.17864565267239868,0.16056139642810516
Arabic 34–66%,574,0.2023512533176288,0.21380596972627608
Arabic 67–100%,4648,0.22738495014602164,0.22830886746224854
