cat_en,count,mean,std
English 0–33%,1071,0.17316771520028526,0.180765225339922
English 34–66%,3485,0.19726063498291976,0.20137889591698832
English 67–100%,671,0.2024872271951736,0.21931116056621786
