cat_ar,count,mean,std
Arabic 0–33%,5,0.1871503030406802,0.2581888975991988
Arabic 34–66%,574,0.16559733991169148,0.18529283346952746
Arabic 67–100%,4648,0.14618534535428515,0.16239996980756646
