cat_en,count,mean,std
English 0–33%,1071,0.0752772102385102,0.10715257595371903
English 34–66%,3485,0.07751457009081027,0.10554072054042032
English 67–100%,671,0.07089930986062518,0.11446258850379692
