cat_en,count,mean,std
English 0–33%,1071,0.10969030607701324,0.13268163261275395
English 34–66%,3485,0.1477930520553075,0.17011872956561522
English 67–100%,671,0.1926023136457044,0.22446094631331887
