cat_ar,count,mean,std
Arabic 0–33%,5,0.025328038473024107,0.015856906248629798
Arabic 34–66%,574,0.04841913996559169,0.11588831352901867
Arabic 67–100%,4648,0.03907773250579433,0.09400026258285318
