cat_en,count,mean,std
English 0–33%,1071,0.77791834,0.15120979
English 34–66%,3485,0.7823149,0.15394606
English 67–100%,671,0.7836451,0.15546852
