cat_ar,count,mean,std
Arabic 0–33%,5,0.62882614,0.33510652
Arabic 34–66%,574,0.6957974,0.20662226
Arabic 67–100%,4648,0.68987256,0.20432198
