cat_en,count,mean,std
English 0–33%,1071,0.7959856,0.14966519
English 34–66%,3485,0.8045413,0.1495655
English 67–100%,671,0.80751324,0.14882538
