cat_ar,count,mean,std
Arabic 0–33%,5,0.6425741,0.27725342
Arabic 34–66%,574,0.7651873,0.1983955
Arabic 67–100%,4648,0.77942336,0.19344871
