cat_en,count,mean,std
English 0–33%,1071,0.5836941,0.19373153
English 34–66%,3485,0.58900887,0.19120598
English 67–100%,671,0.58032095,0.19960237
