cat_ar,count,mean,std
Arabic 0–33%,5,0.6521947,0.3577095
Arabic 34–66%,574,0.7110416,0.20368451
Arabic 67–100%,4648,0.70620334,0.2064001
