cat_en,count,mean,std
English 0–33%,1071,0.6717958,0.2163527
English 34–66%,3485,0.70514077,0.19659631
English 67–100%,671,0.7218631,0.20577748
