cat_ar,count,mean,std
Arabic 0–33%,5,0.54467285,0.16327968
Arabic 34–66%,574,0.5671397,0.20048264
Arabic 67–100%,4648,0.53255904,0.21280518
