cat_en,count,mean,std
English 0–33%,1071,0.91480553,0.032474812
English 34–66%,3485,0.9181117,0.03361619
English 67–100%,671,0.9182149,0.034371186
