cat_ar,count,mean,std
Arabic 0–33%,5,0.8189718,0.0892695
Arabic 34–66%,574,0.7736344,0.08630025
Arabic 67–100%,4648,0.76279503,0.0822514
