cat_ar,count,mean,std
Arabic 0–33%,5,0.8440935,0.08614549
Arabic 34–66%,574,0.83460385,0.08669248
Arabic 67–100%,4648,0.84296304,0.08316338
