cat_en,count,mean,std
English 0–33%,1071,0.92870754,0.029064571
English 34–66%,3485,0.932798,0.03002162
English 67–100%,671,0.9326251,0.032546174
