cat_ar,count,mean,std
Arabic 0–33%,5,0.825459,0.10820705
Arabic 34–66%,574,0.78919244,0.08129158
Arabic 67–100%,4648,0.7771566,0.080429666
