cat_en,count,mean,std
English 0–33%,1071,0.88907665,0.027223151
English 34–66%,3485,0.8906044,0.028171467
English 67–100%,671,0.888244,0.029112967
