cat_en,count,mean,std
English 0–33%,1071,0.9060577,0.03270441
English 34–66%,3485,0.9144023,0.0334227
English 67–100%,671,0.9203686,0.037152987
