cat_ar,count,mean,std
Arabic 0–33%,5,0.7162437,0.08708808
Arabic 34–66%,574,0.63277024,0.13473149
Arabic 67–100%,4648,0.6094981,0.14972885
